selected_for_run,used_in_application,name,model_id,family,benchmark_mode,metric,notes,cache_dir,cache_size_bytes
True,True,foundation-sec-8b-instruct,fdtn-ai/Foundation-Sec-8B-Instruct,cybersecurity-focused instruction-tuned causal LM,executed,support-verdict accuracy and latency,"Current application security model. Cybersecurity-focused model for SOC, incident response, and security workflow reasoning.",/Users/karunanidhiprabhakar/.cache/huggingface/hub/models--fdtn-ai--Foundation-Sec-8B-Instruct,32162981114
True,False,qwen2.5-1.5b-instruct,Qwen/Qwen2.5-1.5B-Instruct,general instruction-tuned causal LM,executed,support-verdict accuracy and latency,Previous application security model; retained as a general-purpose baseline.,/Users/karunanidhiprabhakar/.cache/huggingface/hub/models--Qwen--Qwen2.5-1.5B-Instruct,6197911376
True,False,qwen2.5-0.5b-instruct,Qwen/Qwen2.5-0.5B-Instruct,small general instruction-tuned causal LM,executed,support-verdict accuracy and latency,,/Users/karunanidhiprabhakar/.cache/huggingface/hub/models--Qwen--Qwen2.5-0.5B-Instruct,0
True,False,flan-t5-small,google/flan-t5-small,small sequence-to-sequence instruction model,executed,support-verdict accuracy and latency,,/Users/karunanidhiprabhakar/.cache/huggingface/hub/models--google--flan-t5-small,0
True,False,flan-t5-base,google/flan-t5-base,sequence-to-sequence instruction model,executed,support-verdict accuracy and latency,,/Users/karunanidhiprabhakar/.cache/huggingface/hub/models--google--flan-t5-base,0
True,False,bart-large-mnli,facebook/bart-large-mnli,zero-shot NLI classifier,executed,support-verdict accuracy and latency,,/Users/karunanidhiprabhakar/.cache/huggingface/hub/models--facebook--bart-large-mnli,0
False,False,foundation-sec-8b-base,fdtn-ai/Foundation-Sec-8B,cybersecurity-focused base causal LM,candidate_not_downloaded,support-verdict accuracy and latency,Cybersecurity base model from Cisco Foundation AI; less instruction-optimised than Foundation-Sec-8B-Instruct.,/Users/karunanidhiprabhakar/.cache/huggingface/hub/models--fdtn-ai--Foundation-Sec-8B,0
False,False,cyberpal2-20b,cyber-pal-security/CyberPal2.0-20B,cybersecurity-expert instruction-tuned causal LM,candidate_not_downloaded,support-verdict accuracy and latency,"SOC/IR, CTI, vulnerability, CWE/CVE, and MITRE ATT&CK focused model; likely too large for the local prototype.",/Users/karunanidhiprabhakar/.cache/huggingface/hub/models--cyber-pal-security--CyberPal2.0-20B,0
False,False,cybersecqwen-4b,athena129/CyberSecQwen-4B,cybersecurity-specialised Qwen-derived instruction model,candidate_not_downloaded,support-verdict accuracy and latency,Defensive cybersecurity model focused on CTI-Bench tasks such as CWE mapping and CTI multiple-choice reasoning.,/Users/karunanidhiprabhakar/.cache/huggingface/hub/models--athena129--CyberSecQwen-4B,0
False,False,lily-cybersecurity-7b-v0.2,segolilylabs/Lily-Cybersecurity-7B-v0.2,cybersecurity-specialised causal LM,candidate_not_downloaded,support-verdict accuracy and latency,Cybersecurity text-generation model candidate; included for evaluation discussion only.,/Users/karunanidhiprabhakar/.cache/huggingface/hub/models--segolilylabs--Lily-Cybersecurity-7B-v0.2,0
