model_name,model_id,case_id,turn,expected_verdict,automated_rubric_score,automated_rubric_max,latency_seconds,word_count,output_text,error,criterion_output_nonempty,criterion_concise_length_20_140_words,criterion_references_selected_evidence_or_action,criterion_uses_support_terminology,criterion_acknowledges_expected_verdict,criterion_proposes_next_investigation_step,criterion_avoids_hidden_truth_leak
qwen2.5-1.5b-instruct,Qwen/Qwen2.5-1.5B-Instruct,turn_1_cloudwatch_insights_query,1,Strong Support,5,7,7.985,71,"The selected evidence shows that there were two log entries in the 'aws_cost_management' account on October 1, 2023, with one being an error (INFO) and the other an error (ERROR). This suggests potential issues but does not provide specific details about the errors or their impact. Next steps should include reviewing these logs further to understand the nature of the errors and assessing if they indicate unauthorized access or suspicious activities.",,True,True,False,True,False,True,True
qwen2.5-1.5b-instruct,Qwen/Qwen2.5-1.5B-Instruct,turn_1_access_key_status,1,Partial Support,5,7,3.776,54,"The evidence shows that the access key `AKIA4Z7EXAMPLE92K` in the 'cost-management' account is still active, but it lacks details about its last usage (service, region, time), which is crucial for assessing recent activity. Next steps should include reviewing more recent logs and possibly contacting AWS support for additional information on this key's current state.",,True,True,False,True,False,True,True
qwen2.5-1.5b-instruct,Qwen/Qwen2.5-1.5B-Instruct,turn_1_cloudtrail_event,1,Weak Support,5,7,4.037,65,"The selected evidence shows an unauthorized console login attempt from an unknown IP address, which could indicate a security breach. However, the lack of additional context (e.g., error codes) makes it difficult to determine if this was malicious activity. Next steps should include reviewing other CloudTrail logs for similar patterns and conducting further investigation into the user's permissions and access controls within the cost-management account.",,True,True,False,True,False,True,True
qwen2.5-1.5b-instruct,Qwen/Qwen2.5-1.5B-Instruct,turn_1_unsupported_unrelated,1,Unsupported,5,7,2.387,29,"The selected evidence does not provide specific details about recent IAM activities, making it unsupported. To verify recent actions, ensure visibility of CloudTrail events, IAM principals, and source IPs.",,True,True,False,True,True,False,True
qwen2.5-1.5b-instruct,Qwen/Qwen2.5-1.5B-Instruct,turn_2_access_key_status_check,2,Partial Support,5,7,2.527,44,"The evidence shows that access keys are active, but there's no information about their usage or any recent activity. To provide more support, review logs for recent IAM activities involving these keys. This will help identify if they were used recently and by whom.",,True,True,False,True,False,True,True
qwen2.5-1.5b-instruct,Qwen/Qwen2.5-1.5B-Instruct,turn_2_cloudtrail_event_1,2,Strong Support,5,7,5.441,73,"The selected evidence shows that an attempt was made to stop logging in the AWS console on October 1st, 2023, by an admin user from IP address 185.220.101.42. This indicates potential unauthorized access but lacks context about the nature of the activity (e.g., whether it's related to billing or another operation). Next steps should include reviewing the full log entries for more details and assessing if this represents a security breach or misconfiguration.",,True,True,False,True,False,True,True
qwen2.5-1.5b-instruct,Qwen/Qwen2.5-1.5B-Instruct,turn_2_cloudwatch_log_insight_query_result,2,Weak Support,5,7,5.077,77,"The selected action of reviewing CloudTrail logs was weakly supported by the evidence provided, which shows only one log entry indicating an IAM user calling `ListTrails` from an IP address that matches the AWS account's IP range. This does not provide strong evidence against potential misuse; further investigation into other activity within the same time frame would be necessary to strengthen the case. Next steps could include checking for additional suspicious activities or monitoring more recent logs.",,True,True,False,True,False,True,True
qwen2.5-1.5b-instruct,Qwen/Qwen2.5-1.5B-Instruct,turn_2_unsupported_unrelated,2,Unsupported,5,7,2.759,51,"The selected evidence does not support the security verdict as it lacks specific details about CloudTrail events, IAM principals, or source IPs that would indicate an issue. Next steps should include reviewing more detailed logs such as CloudTrail event names, IAM user information, and source IP addresses to gather actionable insights.",,True,True,False,True,False,True,True
qwen2.5-1.5b-instruct,Qwen/Qwen2.5-1.5B-Instruct,turn_3_cloudtrail_logging_recovery_check,3,Partial Support,5,7,1.991,43,"The evidence confirms the StopLogging event, which needs addressing before recovery can be trusted. However, it lacks details about the impact on services and any remediation steps taken. Next, verify if the affected resources have been restored and assess the service's performance post-recovery.",,True,True,False,True,False,True,True
qwen2.5-1.5b-instruct,Qwen/Qwen2.5-1.5B-Instruct,turn_3_billing_impact_snapshot,3,Weak Support,6,7,3.571,66,"The selected evidence indicates a potential issue with resource misuse, but it lacks specific details about which resources were used and their costs. To confirm detection scope effectively, the trainee should gather more granular data on individual services and regions, including exact usage times and charges per instance type. This will help in identifying if the increased spending is due to legitimate growth or unauthorized activity.",,True,True,True,True,False,True,True
qwen2.5-1.5b-instruct,Qwen/Qwen2.5-1.5B-Instruct,turn_3_guardduty_scope_finding,3,Strong Support,6,7,2.886,73,"The evidence supports strong support as it confirms GuardDuty's detection of unauthorized access by an IAM user with high severity from a specific IP address in a particular region. However, additional checks are needed to verify if this was indeed an attempt at console login rather than another type of attack. Next steps include confirming the nature of the activity through further investigation and ensuring proper monitoring and response protocols are in place.",,True,True,False,True,True,True,True
qwen2.5-1.5b-instruct,Qwen/Qwen2.5-1.5B-Instruct,turn_3_unsupported_unrelated,3,Unsupported,6,7,2.124,52,"The selected evidence, an unrelated policy note, does not support the need to confirm detection scope as it lacks specific details about CloudTrail events, IAM principals, or source IPs that would indicate a relevant security issue. Next steps should focus on gathering more targeted logs or data related to the detected incidents.",,True,True,True,True,False,True,True
qwen2.5-1.5b-instruct,Qwen/Qwen2.5-1.5B-Instruct,turn_4_containment_monitoring_check,4,Partial Support,5,7,3.41,71,"The evidence shows that containment monitoring detected an alert related to suspicious credentials, but it lacks specific details about the nature of the threat or how it relates to the organization's security policies. To improve support, additional information on the source of the alert, its impact assessment, and recommendations for remediation steps would be beneficial. Next steps could include investigating further into the context of this alert within the organization's environment.",,True,True,False,True,False,True,True
qwen2.5-1.5b-instruct,Qwen/Qwen2.5-1.5B-Instruct,turn_4_containment_billing_context,4,Weak Support,6,7,3.28,66,"The evidence suggests an unexpected increase in spending, but it lacks specific details about which service or region was affected. To strengthen the case, additional information on the source of the increased cost (e.g., new services, regions) would be needed before concluding that containment efforts were weak support. Next steps should include investigating the nature of the suspicious activity and verifying if any unauthorized access occurred.",,True,True,False,True,True,True,True
qwen2.5-1.5b-instruct,Qwen/Qwen2.5-1.5B-Instruct,turn_4_access_key_containment_review,4,Strong Support,5,7,2.253,51,"The evidence shows that the access key was used immediately following the suspicious login, which supports containment but does not provide context on how it was compromised. Next steps should include investigating the source IP and reviewing IAM policies related to this access key to understand its usage and potential misconfiguration.",,True,True,False,True,False,True,True
qwen2.5-1.5b-instruct,Qwen/Qwen2.5-1.5B-Instruct,turn_4_unsupported_unrelated,4,Unsupported,5,7,1.707,40,"The selected evidence, including a generic policy note, does not provide specific details about suspicious credentials that would support containment actions. Next, focus on identifying the actual IAM user, source IP, and CloudTrail event names associated with the suspicious activity.",,True,True,False,True,False,True,True
qwen2.5-0.5b-instruct,Qwen/Qwen2.5-0.5B-Instruct,turn_1_cloudwatch_insights_query,1,Strong Support,6,7,3.165,39,"The evidence shows that there was no unusual activity related to the 'cost-management' account on October 1, 2023. The strong support indicates that this information is accurate. Next, review CloudWatch Logs Insights for more detailed insights into recent activities.",,True,True,False,True,True,True,True
qwen2.5-0.5b-instruct,Qwen/Qwen2.5-0.5B-Instruct,turn_1_access_key_status,1,Partial Support,5,7,1.362,33,"The partial support in the security verdict suggests that there might be issues with the access key, but further investigation into the source IP and last used service could provide more accurate information.",,True,True,False,True,True,False,True
qwen2.5-0.5b-instruct,Qwen/Qwen2.5-0.5B-Instruct,turn_1_cloudtrail_event,1,Weak Support,5,7,2.272,63,"The review of recent IAM activities did not reveal any strong support for weak security practices, such as using MFA incorrectly or failing to monitor user actions. The event was likely due to an unauthorized console login attempt, which could indicate a potential risk. Next steps include reviewing the AWS Security Compliance dashboard for more detailed insights into IAM policies and best practices.",,True,True,False,True,False,True,True
qwen2.5-0.5b-instruct,Qwen/Qwen2.5-0.5B-Instruct,turn_1_unsupported_unrelated,1,Unsupported,6,7,1.787,40,"The recent IAM activities were reviewed, but no relevant policy notes or sources were visible. The security verdict is Unsupported due to lack of visibility into IAM actions. Next steps include checking IAM policies and ensuring visibility in CloudTrail logs.",,True,True,False,True,True,True,True
qwen2.5-0.5b-instruct,Qwen/Qwen2.5-0.5B-Instruct,turn_2_access_key_status_check,2,Partial Support,6,7,1.038,24,"The access key status check was partially supported, but there were no issues noted. Next, verify security policies andIAM roles for any potential misconfigurations.",,True,True,True,True,False,True,True
qwen2.5-0.5b-instruct,Qwen/Qwen2.5-0.5B-Instruct,turn_2_cloudtrail_event_1,2,Strong Support,6,7,1.496,33,"CloudTrail logs indicate multiple IAM activities on the cost management account around October 1st, 2023. Strong support indicates no issues with the event. Next, verify IAM policies and access controls to ensure compliance.",,True,True,False,True,True,True,True
qwen2.5-0.5b-instruct,Qwen/Qwen2.5-0.5B-Instruct,turn_2_cloudwatch_log_insight_query_result,2,Weak Support,6,7,1.857,34,"The CloudTrail logs did not reveal any significant anomalies related to the cost management account, indicating weak support. Next, review IAM policies and user access to ensure they do not inadvertently allow unauthorized actions.",,True,True,False,True,True,True,True
qwen2.5-0.5b-instruct,Qwen/Qwen2.5-0.5B-Instruct,turn_2_unsupported_unrelated,2,Unsupported,6,7,1.409,37,"CloudTrail logs were reviewed, but no CloudTrail events were found. The security verdict is Unsupported due to lack of visibility into IAM principals and sources. Next steps include checking CloudTrail policies and ensuring visibility into relevant resources.",,True,True,False,True,True,True,True
qwen2.5-0.5b-instruct,Qwen/Qwen2.5-0.5B-Instruct,turn_3_cloudtrail_logging_recovery_check,3,Partial Support,6,7,1.869,51,"The partial support in the evidence suggests that the user's AWS account was not logged into, which prevents the detection of the StopLogging event. Next, verify if the user has administrative access by checking their IAM role and ensuring they have the necessary permissions to view logs from the specified region.",,True,True,False,True,True,True,True
qwen2.5-0.5b-instruct,Qwen/Qwen2.5-0.5B-Instruct,turn_3_billing_impact_snapshot,3,Weak Support,6,7,1.679,37,"The selected evidence indicates a moderate increase in billing spending, suggesting potential resource mismanagement. The weak support score suggests further investigation into underlying issues. Next steps include reviewing billing data, identifying specific services, and investigating any anomalies.",,True,True,False,True,True,True,True
qwen2.5-0.5b-instruct,Qwen/Qwen2.5-0.5B-Instruct,turn_3_guardduty_scope_finding,3,Strong Support,5,7,1.949,50,"The GuardDuty scope finding indicates an unauthorized access attempt from the specified IP address on the specified region. The findings include an IAM user with the role of 'admin-test'. This suggests a high-severity issue requiring immediate attention. Next, verify if there are any other security alerts related to this incident.",,True,True,True,False,False,True,True
qwen2.5-0.5b-instruct,Qwen/Qwen2.5-0.5B-Instruct,turn_3_unsupported_unrelated,3,Unsupported,5,7,1.599,36,"The selected evidence, without CloudTrail event names, IAM principals, or source IPs, indicates insufficient visibility into the incident response process. Next, verify if the security team has updated their policies and procedures to include these details.",,True,True,False,True,False,True,True
qwen2.5-0.5b-instruct,Qwen/Qwen2.5-0.5B-Instruct,turn_4_containment_monitoring_check,4,Partial Support,6,7,1.116,28,"The containment monitoring alert indicates suspicious credentials were accessed. The security verdict suggests partial support. Next, verify IAM roles and policies to ensure they match the expected actions.",,True,True,False,True,True,True,True
qwen2.5-0.5b-instruct,Qwen/Qwen2.5-0.5B-Instruct,turn_4_containment_billing_context,4,Weak Support,7,7,2.596,54,"The containment billing context indicates a modest increase in spending, but it's unclear if this is suspicious. The security verdict suggests weak support, which could be due to insufficient monitoring or lack of awareness about suspicious activity. Next steps include reviewing the billing data more closely and checking for any unusual patterns or anomalies.",,True,True,True,True,True,True,True
qwen2.5-0.5b-instruct,Qwen/Qwen2.5-0.5B-Instruct,turn_4_access_key_containment_review,4,Strong Support,5,7,2.688,49,"The evidence shows an active access key with a recent last use service of IAM.amazonaws.com, indicating it was accessed from within AWS. This suggests the key may be compromised. Next, verify if there's any other sensitive information associated with this key (e.g., username, password) that could provide additional context.",,True,True,False,True,False,True,True
qwen2.5-0.5b-instruct,Qwen/Qwen2.5-0.5B-Instruct,turn_4_unsupported_unrelated,4,Unsupported,6,7,1.924,37,"The selected evidence, without CloudTrail event name, IAM principal, or source IP, indicates insufficient information for an unsupported security verdict. Next, verify if the user has access to relevant policies and documentation before proceeding with further investigation.",,True,True,False,True,True,True,True
flan-t5-small,google/flan-t5-small,turn_1_cloudwatch_insights_query,1,Strong Support,1,7,17.625,0,                                       ,,False,False,False,False,False,False,True
flan-t5-small,google/flan-t5-small,turn_1_access_key_status,1,Partial Support,2,7,1.415,14,Using the AKIA4Z7EXAMPLE92K is a good way to learn how to use the AKIA4Z7EXAMPLE92K.,,True,False,False,False,False,False,True
flan-t5-small,google/flan-t5-small,turn_1_cloudtrail_event,1,Weak Support,2,7,2.535,15,- ap-southeast-1 - ap-southeast-1 - ap-southeast-1 - ap-southeast-1 - ap-southeast-1 - ap-southeast-1 - ap-southeast-1 - ,,True,False,False,False,False,False,True
flan-t5-small,google/flan-t5-small,turn_1_unsupported_unrelated,1,Unsupported,1,7,2.6,0,                                       ,,False,False,False,False,False,False,True
flan-t5-small,google/flan-t5-small,turn_2_access_key_status_check,2,Partial Support,2,7,0.809,14,Using the cloud to help you with your IAM activities is a good idea.,,True,False,False,False,False,False,True
flan-t5-small,google/flan-t5-small,turn_2_cloudtrail_event_1,2,Strong Support,3,7,2.469,30,- a swath of a swath of a swath of a swath of a swath of a swath of a swath of a swath of a swath of a swa,,True,True,False,False,False,False,True
flan-t5-small,google/flan-t5-small,turn_2_cloudwatch_log_insight_query_result,2,Weak Support,2,7,0.78,12,Query results show no significant anomalies related to the cost management account.,,True,False,False,False,False,False,True
flan-t5-small,google/flan-t5-small,turn_2_unsupported_unrelated,2,Unsupported,2,7,0.785,6,CloudTrail is a cloud-related event-response trainee.,,True,False,False,False,False,False,True
flan-t5-small,google/flan-t5-small,turn_3_cloudtrail_logging_recovery_check,3,Partial Support,3,7,2.195,40,- - - - - - - - - - - - - - - - - - - - - - - - - - - - - - - - - - - - - - - -,,True,True,False,False,False,False,True
flan-t5-small,google/flan-t5-small,turn_3_billing_impact_snapshot,3,Weak Support,3,7,1.324,25,"Using the EC2 data to determine the cost of the EC2 service, the trainee should be able to identify the cost of the EC2 service.",,True,True,False,False,False,False,True
flan-t5-small,google/flan-t5-small,turn_3_guardduty_scope_finding,3,Strong Support,1,7,2.465,0,                                       ,,False,False,False,False,False,False,True
flan-t5-small,google/flan-t5-small,turn_3_unsupported_unrelated,3,Unsupported,1,7,2.654,0,                                       ,,False,False,False,False,False,False,True
flan-t5-small,google/flan-t5-small,turn_4_containment_monitoring_check,4,Partial Support,3,7,1.142,22,"Using the cloud to monitor the security of the cloud, you should be able to identify the user and identify the user.",,True,True,False,False,False,False,True
flan-t5-small,google/flan-t5-small,turn_4_containment_billing_context,4,Weak Support,2,7,0.975,17,"Using the EC2 system, you can use the EC2 system to monitor the spending of the company.",,True,False,False,False,False,False,True
flan-t5-small,google/flan-t5-small,turn_4_access_key_containment_review,4,Strong Support,1,7,2.455,0,                                       ,,False,False,False,False,False,False,True
flan-t5-small,google/flan-t5-small,turn_4_unsupported_unrelated,4,Unsupported,1,7,2.561,0,                                       ,,False,False,False,False,False,False,True
flan-t5-base,google/flan-t5-base,turn_1_cloudwatch_insights_query,1,Strong Support,4,7,1.221,7,IAM trainees should review recent IAM activities.,,True,False,True,False,False,True,True
flan-t5-base,google/flan-t5-base,turn_1_access_key_status,1,Partial Support,3,7,0.395,6,IAM activities are not sufficient evidence.,,True,False,False,True,False,False,True
flan-t5-base,google/flan-t5-base,turn_1_cloudtrail_event,1,Weak Support,2,7,0.472,5,CloudTrail logs are not sufficient.,,True,False,False,False,False,False,True
flan-t5-base,google/flan-t5-base,turn_1_unsupported_unrelated,1,Unsupported,3,7,0.444,5,What evidence is not sufficient?,,True,False,False,True,False,False,True
flan-t5-base,google/flan-t5-base,turn_2_access_key_status_check,2,Partial Support,4,7,0.511,10,The evidence is not sufficient and what to check next.,,True,False,False,True,False,True,True
flan-t5-base,google/flan-t5-base,turn_2_cloudtrail_event_1,2,Strong Support,2,7,1.285,15,"CloudTrail logs show multiple IAM activities involving the cost management account around October 1st, 2023.",,True,False,False,False,False,False,True
flan-t5-base,google/flan-t5-base,turn_2_cloudwatch_log_insight_query_result,2,Weak Support,4,7,0.569,10,The evidence is not sufficient and what to check next.,,True,False,False,True,False,True,True
flan-t5-base,google/flan-t5-base,turn_2_unsupported_unrelated,2,Unsupported,3,7,0.351,5,What evidence is not sufficient?,,True,False,False,True,False,False,True
flan-t5-base,google/flan-t5-base,turn_3_cloudtrail_logging_recovery_check,3,Partial Support,2,7,0.659,14,CloudTrail shows the StopLogging event that must be addressed before recovery can be trusted.,,True,False,False,False,False,False,True
flan-t5-base,google/flan-t5-base,turn_3_billing_impact_snapshot,3,Weak Support,4,7,0.998,14,Cloud incident-response trainees should review the evidence and explain why it is not sufficient.,,True,False,False,True,False,True,True
flan-t5-base,google/flan-t5-base,turn_3_guardduty_scope_finding,3,Strong Support,3,7,0.6,11,The evidence is not sufficient and the security verdict is strong.,,True,False,False,True,False,False,True
flan-t5-base,google/flan-t5-base,turn_3_unsupported_unrelated,3,Unsupported,3,7,0.35,5,What evidence is not sufficient?,,True,False,False,True,False,False,True
flan-t5-base,google/flan-t5-base,turn_4_containment_monitoring_check,4,Partial Support,4,7,0.552,10,The evidence is not sufficient and what to check next.,,True,False,False,True,False,True,True
flan-t5-base,google/flan-t5-base,turn_4_containment_billing_context,4,Weak Support,4,7,1.128,19,Cloud incident-response trainees should be able to explain why the evidence is not sufficient and what to check next.,,True,False,False,True,False,True,True
flan-t5-base,google/flan-t5-base,turn_4_access_key_containment_review,4,Strong Support,4,7,0.721,13,The evidence is not sufficient and the learner should check the next steps.,,True,False,False,True,False,True,True
flan-t5-base,google/flan-t5-base,turn_4_unsupported_unrelated,4,Unsupported,3,7,0.501,5,What evidence is not sufficient?,,True,False,False,True,False,False,True
