task,case_id,source,expected,expected_template,expected_keywords
vlm,turn_1_cloudwatch_insights_query,/Users/karunanidhiprabhakar/Desktop/FYP/output/generated_evidence/turn_1/cloudwatch_insights_query.png,partial,cloudwatch,"cloudwatch, log, insight, query, matches, multiple, entries, related"
vlm,turn_1_access_key_info,/Users/karunanidhiprabhakar/Desktop/FYP/output/generated_evidence/turn_1/access_key_info.png,weak,access_key,"access, key, information, associated, iam, user, marked, inactive"
vlm,turn_1_cloudtrail_log_row,/Users/karunanidhiprabhakar/Desktop/FYP/output/generated_evidence/turn_1/cloudtrail_log_row.png,strong,cloudtrail,"unauthorized, access, attempt, cloudtrail, log, entry, stop, logging"
vlm,turn_2_access_key_review,/Users/karunanidhiprabhakar/Desktop/FYP/output/generated_evidence/turn_2/access_key_review.png,partial,access_key,"access, key, review, active, associated, the, suspicious, principal"
vlm,turn_2_iam_scope_timeline,/Users/karunanidhiprabhakar/Desktop/FYP/output/generated_evidence/turn_2/iam_scope_timeline.png,strong,iam_activity,"iam, scope, timeline, activity, links, login, logging, and"
vlm,turn_2_cloudwatch_correlation_logs,/Users/karunanidhiprabhakar/Desktop/FYP/output/generated_evidence/turn_2/cloudwatch_correlation_logs.png,weak,cloudwatch,"cloudwatch, correlation, logs, correlate, authentication, cloudtrail, and, credential-monitoring"
vlm,turn_3_billing_impact_snapshot,/Users/karunanidhiprabhakar/Desktop/FYP/output/generated_evidence/turn_3/billing_impact_snapshot.png,weak,billing,"billing, impact, snapshot, modest, spend, increase, should, checked"
vlm,turn_3_cloudtrail_logging_recovery_check,/Users/karunanidhiprabhakar/Desktop/FYP/output/generated_evidence/turn_3/cloudtrail_logging_recovery_check.png,partial,cloudtrail,"cloudtrail, scope, check, the, stoplogging, event, must, addressed"
vlm,turn_3_guardduty_scope_finding,/Users/karunanidhiprabhakar/Desktop/FYP/output/generated_evidence/turn_3/guardduty_scope_finding.png,strong,guardduty,"guardduty, scope, finding, links, the, suspicious, principal, remote"
vlm,turn_4_containment_billing_context,/Users/karunanidhiprabhakar/Desktop/FYP/output/generated_evidence/turn_4/containment_billing_context.png,weak,billing,"containment, billing, context, modest, spend, increase, during, the"
vlm,turn_4_containment_monitoring_check,/Users/karunanidhiprabhakar/Desktop/FYP/output/generated_evidence/turn_4/containment_monitoring_check.png,partial,cloudwatch,"containment, monitoring, check, cloudwatch, logs, show, identity-monitoring, alerts"
vlm,turn_4_access_key_containment_review,/Users/karunanidhiprabhakar/Desktop/FYP/output/generated_evidence/turn_4/access_key_containment_review.png,strong,access_key,"access, key, containment, review, the, affected, principal, has"
vlm,turn_5_final_identity_timeline,/Users/karunanidhiprabhakar/Desktop/FYP/output/generated_evidence/turn_5/final_identity_timeline.png,partial,iam_activity,"final, identity, timeline, iam, activity, summarises, suspicious, login"
vlm,turn_5_final_billing_snapshot,/Users/karunanidhiprabhakar/Desktop/FYP/output/generated_evidence/turn_5/final_billing_snapshot.png,weak,billing,"final, billing, snapshot, residual, cost, impact, after, the"
vlm,turn_5_final_cloudtrail_recovery_record,/Users/karunanidhiprabhakar/Desktop/FYP/output/generated_evidence/turn_5/final_cloudtrail_recovery_record.png,strong,cloudtrail,"final, cloudtrail, recovery, record, confirms, logging, and, credential-control"
