model_name,model_id,case_id,turn,expected_support_role,expected_verdict,predicted_verdict,correct,latency_seconds,output_text,error
foundation-sec-8b-instruct,fdtn-ai/Foundation-Sec-8B-Instruct,turn_1_cloudwatch_insights_query,1,strong,Strong Support,Strong Support,True,60.544,Strong Support,
foundation-sec-8b-instruct,fdtn-ai/Foundation-Sec-8B-Instruct,turn_1_access_key_status,1,partial,Partial Support,Partial Support,True,51.2,Partial Support,
foundation-sec-8b-instruct,fdtn-ai/Foundation-Sec-8B-Instruct,turn_1_cloudtrail_event,1,weak,Weak Support,Weak Support,True,50.249,Weak Support,
foundation-sec-8b-instruct,fdtn-ai/Foundation-Sec-8B-Instruct,turn_1_unsupported_unrelated,1,unsupported,Unsupported,Unsupported,True,33.81,Unsupported,
foundation-sec-8b-instruct,fdtn-ai/Foundation-Sec-8B-Instruct,turn_2_access_key_status_check,2,partial,Partial Support,Partial Support,True,49.325,Partial Support,
foundation-sec-8b-instruct,fdtn-ai/Foundation-Sec-8B-Instruct,turn_2_cloudtrail_event_1,2,strong,Strong Support,Strong Support,True,46.829,Strong Support,
foundation-sec-8b-instruct,fdtn-ai/Foundation-Sec-8B-Instruct,turn_2_cloudwatch_log_insight_query_result,2,weak,Weak Support,Weak Support,True,61.381,Weak Support,
foundation-sec-8b-instruct,fdtn-ai/Foundation-Sec-8B-Instruct,turn_2_unsupported_unrelated,2,unsupported,Unsupported,Unsupported,True,34.434,Unsupported,
foundation-sec-8b-instruct,fdtn-ai/Foundation-Sec-8B-Instruct,turn_3_cloudtrail_logging_recovery_check,3,partial,Partial Support,Partial Support,True,51.87,Partial Support,
foundation-sec-8b-instruct,fdtn-ai/Foundation-Sec-8B-Instruct,turn_3_billing_impact_snapshot,3,weak,Weak Support,Weak Support,True,43.375,Weak Support,
foundation-sec-8b-instruct,fdtn-ai/Foundation-Sec-8B-Instruct,turn_3_guardduty_scope_finding,3,strong,Strong Support,Strong Support,True,54.797,Strong Support,
foundation-sec-8b-instruct,fdtn-ai/Foundation-Sec-8B-Instruct,turn_3_unsupported_unrelated,3,unsupported,Unsupported,Unsupported,True,34.569,Unsupported,
foundation-sec-8b-instruct,fdtn-ai/Foundation-Sec-8B-Instruct,turn_4_containment_monitoring_check,4,partial,Partial Support,Partial Support,True,55.461,Partial Support,
foundation-sec-8b-instruct,fdtn-ai/Foundation-Sec-8B-Instruct,turn_4_containment_billing_context,4,weak,Weak Support,Weak Support,True,47.295,Weak Support,
foundation-sec-8b-instruct,fdtn-ai/Foundation-Sec-8B-Instruct,turn_4_access_key_containment_review,4,strong,Strong Support,Strong Support,True,52.324,Strong Support,
foundation-sec-8b-instruct,fdtn-ai/Foundation-Sec-8B-Instruct,turn_4_unsupported_unrelated,4,unsupported,Unsupported,Unsupported,True,34.172,Unsupported,
foundation-sec-8b-instruct,fdtn-ai/Foundation-Sec-8B-Instruct,turn_5_final_identity_timeline,5,partial,Partial Support,Partial Support,True,52.706,Partial Support,
foundation-sec-8b-instruct,fdtn-ai/Foundation-Sec-8B-Instruct,turn_5_final_billing_snapshot,5,weak,Weak Support,Weak Support,True,42.459,Weak Support,
foundation-sec-8b-instruct,fdtn-ai/Foundation-Sec-8B-Instruct,turn_5_final_cloudtrail_recovery_record,5,strong,Strong Support,Strong Support,True,49.364,Strong Support,
foundation-sec-8b-instruct,fdtn-ai/Foundation-Sec-8B-Instruct,turn_5_unsupported_unrelated,5,unsupported,Unsupported,Unsupported,True,33.283,Unsupported,
qwen2.5-1.5b-instruct,Qwen/Qwen2.5-1.5B-Instruct,turn_1_cloudwatch_insights_query,1,strong,Strong Support,Strong Support,True,14.242,Strong Support,
qwen2.5-1.5b-instruct,Qwen/Qwen2.5-1.5B-Instruct,turn_1_access_key_status,1,partial,Partial Support,Partial Support,True,10.319,Partial Support,
qwen2.5-1.5b-instruct,Qwen/Qwen2.5-1.5B-Instruct,turn_1_cloudtrail_event,1,weak,Weak Support,Weak Support,True,10.172,Weak Support,
qwen2.5-1.5b-instruct,Qwen/Qwen2.5-1.5B-Instruct,turn_1_unsupported_unrelated,1,unsupported,Unsupported,Unsupported,True,6.294,Unsupported,
qwen2.5-1.5b-instruct,Qwen/Qwen2.5-1.5B-Instruct,turn_2_access_key_status_check,2,partial,Partial Support,Partial Support,True,9.945,Partial Support,
qwen2.5-1.5b-instruct,Qwen/Qwen2.5-1.5B-Instruct,turn_2_cloudtrail_event_1,2,strong,Strong Support,Strong Support,True,10.12,Strong Support,
qwen2.5-1.5b-instruct,Qwen/Qwen2.5-1.5B-Instruct,turn_2_cloudwatch_log_insight_query_result,2,weak,Weak Support,Weak Support,True,12.669,Weak Support,
qwen2.5-1.5b-instruct,Qwen/Qwen2.5-1.5B-Instruct,turn_2_unsupported_unrelated,2,unsupported,Unsupported,Unsupported,True,6.445,Unsupported,
qwen2.5-1.5b-instruct,Qwen/Qwen2.5-1.5B-Instruct,turn_3_cloudtrail_logging_recovery_check,3,partial,Partial Support,Partial Support,True,10.701,Partial Support,
qwen2.5-1.5b-instruct,Qwen/Qwen2.5-1.5B-Instruct,turn_3_billing_impact_snapshot,3,weak,Weak Support,Weak Support,True,9.099,Weak Support,
qwen2.5-1.5b-instruct,Qwen/Qwen2.5-1.5B-Instruct,turn_3_guardduty_scope_finding,3,strong,Strong Support,Strong Support,True,11.244,Strong Support,
qwen2.5-1.5b-instruct,Qwen/Qwen2.5-1.5B-Instruct,turn_3_unsupported_unrelated,3,unsupported,Unsupported,Unsupported,True,6.305,Unsupported,
qwen2.5-1.5b-instruct,Qwen/Qwen2.5-1.5B-Instruct,turn_4_containment_monitoring_check,4,partial,Partial Support,Partial Support,True,10.237,Partial Support,
qwen2.5-1.5b-instruct,Qwen/Qwen2.5-1.5B-Instruct,turn_4_containment_billing_context,4,weak,Weak Support,Weak Support,True,8.615,Weak Support,
qwen2.5-1.5b-instruct,Qwen/Qwen2.5-1.5B-Instruct,turn_4_access_key_containment_review,4,strong,Strong Support,Strong Support,True,10.488,Strong Support,
qwen2.5-1.5b-instruct,Qwen/Qwen2.5-1.5B-Instruct,turn_4_unsupported_unrelated,4,unsupported,Unsupported,Unsupported,True,6.614,Unsupported,
qwen2.5-1.5b-instruct,Qwen/Qwen2.5-1.5B-Instruct,turn_5_final_identity_timeline,5,partial,Partial Support,Partial Support,True,11.314,Partial Support,
qwen2.5-1.5b-instruct,Qwen/Qwen2.5-1.5B-Instruct,turn_5_final_billing_snapshot,5,weak,Weak Support,Weak Support,True,9.186,Weak Support,
qwen2.5-1.5b-instruct,Qwen/Qwen2.5-1.5B-Instruct,turn_5_final_cloudtrail_recovery_record,5,strong,Strong Support,Strong Support,True,11.122,Strong Support,
qwen2.5-1.5b-instruct,Qwen/Qwen2.5-1.5B-Instruct,turn_5_unsupported_unrelated,5,unsupported,Unsupported,Unsupported,True,6.782,Unsupported,
qwen2.5-0.5b-instruct,Qwen/Qwen2.5-0.5B-Instruct,turn_1_cloudwatch_insights_query,1,strong,Strong Support,Strong Support,True,4.086,Strong Support,
qwen2.5-0.5b-instruct,Qwen/Qwen2.5-0.5B-Instruct,turn_1_access_key_status,1,partial,Partial Support,Partial Support,True,3.241,Partial Support,
qwen2.5-0.5b-instruct,Qwen/Qwen2.5-0.5B-Instruct,turn_1_cloudtrail_event,1,weak,Weak Support,Weak Support,True,3.218,Weak Support,
qwen2.5-0.5b-instruct,Qwen/Qwen2.5-0.5B-Instruct,turn_1_unsupported_unrelated,1,unsupported,Unsupported,Weak Support,False,2.204,Weak Support,
qwen2.5-0.5b-instruct,Qwen/Qwen2.5-0.5B-Instruct,turn_2_access_key_status_check,2,partial,Partial Support,Partial Support,True,3.868,Partial Support,
qwen2.5-0.5b-instruct,Qwen/Qwen2.5-0.5B-Instruct,turn_2_cloudtrail_event_1,2,strong,Strong Support,Strong Support,True,3.806,Strong Support,
qwen2.5-0.5b-instruct,Qwen/Qwen2.5-0.5B-Instruct,turn_2_cloudwatch_log_insight_query_result,2,weak,Weak Support,Weak Support,True,4.688,Weak Support,
qwen2.5-0.5b-instruct,Qwen/Qwen2.5-0.5B-Instruct,turn_2_unsupported_unrelated,2,unsupported,Unsupported,Weak Support,False,2.386,Weak Support,
qwen2.5-0.5b-instruct,Qwen/Qwen2.5-0.5B-Instruct,turn_3_cloudtrail_logging_recovery_check,3,partial,Partial Support,Partial Support,True,3.968,Partial Support,
qwen2.5-0.5b-instruct,Qwen/Qwen2.5-0.5B-Instruct,turn_3_billing_impact_snapshot,3,weak,Weak Support,Weak Support,True,3.529,Weak Support,
qwen2.5-0.5b-instruct,Qwen/Qwen2.5-0.5B-Instruct,turn_3_guardduty_scope_finding,3,strong,Strong Support,Strong Support,True,4.301,Strong Support,
qwen2.5-0.5b-instruct,Qwen/Qwen2.5-0.5B-Instruct,turn_3_unsupported_unrelated,3,unsupported,Unsupported,Weak Support,False,2.502,Weak Support,
qwen2.5-0.5b-instruct,Qwen/Qwen2.5-0.5B-Instruct,turn_4_containment_monitoring_check,4,partial,Partial Support,Partial Support,True,4.153,Partial Support,
qwen2.5-0.5b-instruct,Qwen/Qwen2.5-0.5B-Instruct,turn_4_containment_billing_context,4,weak,Weak Support,Weak Support,True,3.389,Weak Support,
qwen2.5-0.5b-instruct,Qwen/Qwen2.5-0.5B-Instruct,turn_4_access_key_containment_review,4,strong,Strong Support,Strong Support,True,3.931,Strong Support,
qwen2.5-0.5b-instruct,Qwen/Qwen2.5-0.5B-Instruct,turn_4_unsupported_unrelated,4,unsupported,Unsupported,Weak Support,False,2.397,Weak Support,
qwen2.5-0.5b-instruct,Qwen/Qwen2.5-0.5B-Instruct,turn_5_final_identity_timeline,5,partial,Partial Support,Partial Support,True,4.005,Partial Support,
qwen2.5-0.5b-instruct,Qwen/Qwen2.5-0.5B-Instruct,turn_5_final_billing_snapshot,5,weak,Weak Support,Weak Support,True,3.245,Weak Support,
qwen2.5-0.5b-instruct,Qwen/Qwen2.5-0.5B-Instruct,turn_5_final_cloudtrail_recovery_record,5,strong,Strong Support,Strong Support,True,3.894,Strong Support,
qwen2.5-0.5b-instruct,Qwen/Qwen2.5-0.5B-Instruct,turn_5_unsupported_unrelated,5,unsupported,Unsupported,Weak Support,False,2.416,Weak Support,
flan-t5-small,google/flan-t5-small,turn_1_cloudwatch_insights_query,1,strong,Strong Support,Strong Support,True,0.52,Strong Support,
flan-t5-small,google/flan-t5-small,turn_1_access_key_status,1,partial,Partial Support,Unsupported,False,0.143,Unsupported,
flan-t5-small,google/flan-t5-small,turn_1_cloudtrail_event,1,weak,Weak Support,Weak Support,True,0.139,Weak Support,
flan-t5-small,google/flan-t5-small,turn_1_unsupported_unrelated,1,unsupported,Unsupported,Unsupported,True,0.082,Unsupported,
flan-t5-small,google/flan-t5-small,turn_2_access_key_status_check,2,partial,Partial Support,Unsupported,False,0.135,Unsupported,
flan-t5-small,google/flan-t5-small,turn_2_cloudtrail_event_1,2,strong,Strong Support,Strong Support,True,0.116,Strong Support,
flan-t5-small,google/flan-t5-small,turn_2_cloudwatch_log_insight_query_result,2,weak,Weak Support,Weak Support,True,0.175,Weak Support,
flan-t5-small,google/flan-t5-small,turn_2_unsupported_unrelated,2,unsupported,Unsupported,Unsupported,True,0.086,Unsupported,
flan-t5-small,google/flan-t5-small,turn_3_cloudtrail_logging_recovery_check,3,partial,Partial Support,Unsupported,False,0.15,Unsupported,
flan-t5-small,google/flan-t5-small,turn_3_billing_impact_snapshot,3,weak,Weak Support,Weak Support,True,0.135,Weak Support,
flan-t5-small,google/flan-t5-small,turn_3_guardduty_scope_finding,3,strong,Strong Support,Strong Support,True,0.161,Strong Support,
flan-t5-small,google/flan-t5-small,turn_3_unsupported_unrelated,3,unsupported,Unsupported,Unsupported,True,0.097,Unsupported,
flan-t5-small,google/flan-t5-small,turn_4_containment_monitoring_check,4,partial,Partial Support,Unsupported,False,0.173,Unsupported,
flan-t5-small,google/flan-t5-small,turn_4_containment_billing_context,4,weak,Weak Support,Weak Support,True,0.132,Weak Support,
flan-t5-small,google/flan-t5-small,turn_4_access_key_containment_review,4,strong,Strong Support,Strong Support,True,0.165,Strong Support,
flan-t5-small,google/flan-t5-small,turn_4_unsupported_unrelated,4,unsupported,Unsupported,Unsupported,True,0.086,Unsupported,
flan-t5-small,google/flan-t5-small,turn_5_final_identity_timeline,5,partial,Partial Support,Unsupported,False,0.157,Unsupported,
flan-t5-small,google/flan-t5-small,turn_5_final_billing_snapshot,5,weak,Weak Support,Weak Support,True,0.133,Weak Support,
flan-t5-small,google/flan-t5-small,turn_5_final_cloudtrail_recovery_record,5,strong,Strong Support,Strong Support,True,0.156,Strong Support,
flan-t5-small,google/flan-t5-small,turn_5_unsupported_unrelated,5,unsupported,Unsupported,Unsupported,True,0.088,Unsupported,
flan-t5-base,google/flan-t5-base,turn_1_cloudwatch_insights_query,1,strong,Strong Support,Strong Support,True,2.732,Strong Support,
flan-t5-base,google/flan-t5-base,turn_1_access_key_status,1,partial,Partial Support,Partial Support,True,0.493,Partial Support,
flan-t5-base,google/flan-t5-base,turn_1_cloudtrail_event,1,weak,Weak Support,Weak Support,True,0.439,Weak Support,
flan-t5-base,google/flan-t5-base,turn_1_unsupported_unrelated,1,unsupported,Unsupported,Unsupported,True,0.271,Unsupported,
flan-t5-base,google/flan-t5-base,turn_2_access_key_status_check,2,partial,Partial Support,Partial Support,True,0.429,Partial Support,
flan-t5-base,google/flan-t5-base,turn_2_cloudtrail_event_1,2,strong,Strong Support,Strong Support,True,0.4,Strong Support,
flan-t5-base,google/flan-t5-base,turn_2_cloudwatch_log_insight_query_result,2,weak,Weak Support,Weak Support,True,0.557,Weak Support,
flan-t5-base,google/flan-t5-base,turn_2_unsupported_unrelated,2,unsupported,Unsupported,Unsupported,True,0.278,Unsupported,
flan-t5-base,google/flan-t5-base,turn_3_cloudtrail_logging_recovery_check,3,partial,Partial Support,Partial Support,True,0.483,Partial Support,
flan-t5-base,google/flan-t5-base,turn_3_billing_impact_snapshot,3,weak,Weak Support,Weak Support,True,0.415,Weak Support,
flan-t5-base,google/flan-t5-base,turn_3_guardduty_scope_finding,3,strong,Strong Support,Strong Support,True,0.484,Strong Support,
flan-t5-base,google/flan-t5-base,turn_3_unsupported_unrelated,3,unsupported,Unsupported,Unsupported,True,0.282,Unsupported,
flan-t5-base,google/flan-t5-base,turn_4_containment_monitoring_check,4,partial,Partial Support,Partial Support,True,0.515,Partial Support,
flan-t5-base,google/flan-t5-base,turn_4_containment_billing_context,4,weak,Weak Support,Weak Support,True,0.428,Weak Support,
flan-t5-base,google/flan-t5-base,turn_4_access_key_containment_review,4,strong,Strong Support,Strong Support,True,0.455,Strong Support,
flan-t5-base,google/flan-t5-base,turn_4_unsupported_unrelated,4,unsupported,Unsupported,Unsupported,True,0.228,Unsupported,
flan-t5-base,google/flan-t5-base,turn_5_final_identity_timeline,5,partial,Partial Support,Partial Support,True,0.471,Partial Support,
flan-t5-base,google/flan-t5-base,turn_5_final_billing_snapshot,5,weak,Weak Support,Weak Support,True,0.38,Weak Support,
flan-t5-base,google/flan-t5-base,turn_5_final_cloudtrail_recovery_record,5,strong,Strong Support,Strong Support,True,0.462,Strong Support,
flan-t5-base,google/flan-t5-base,turn_5_unsupported_unrelated,5,unsupported,Unsupported,Unsupported,True,0.271,Unsupported,
bart-large-mnli,facebook/bart-large-mnli,turn_1_cloudwatch_insights_query,1,strong,Strong Support,Strong Support,True,8.492,Strong Support,
bart-large-mnli,facebook/bart-large-mnli,turn_1_access_key_status,1,partial,Partial Support,Partial Support,True,4.816,Partial Support,
bart-large-mnli,facebook/bart-large-mnli,turn_1_cloudtrail_event,1,weak,Weak Support,Weak Support,True,4.632,Weak Support,
bart-large-mnli,facebook/bart-large-mnli,turn_1_unsupported_unrelated,1,unsupported,Unsupported,Partial Support,False,3.151,Partial Support,
bart-large-mnli,facebook/bart-large-mnli,turn_2_access_key_status_check,2,partial,Partial Support,Partial Support,True,4.868,Partial Support,
bart-large-mnli,facebook/bart-large-mnli,turn_2_cloudtrail_event_1,2,strong,Strong Support,Strong Support,True,4.74,Strong Support,
bart-large-mnli,facebook/bart-large-mnli,turn_2_cloudwatch_log_insight_query_result,2,weak,Weak Support,Weak Support,True,5.315,Weak Support,
bart-large-mnli,facebook/bart-large-mnli,turn_2_unsupported_unrelated,2,unsupported,Unsupported,Partial Support,False,3.429,Partial Support,
bart-large-mnli,facebook/bart-large-mnli,turn_3_cloudtrail_logging_recovery_check,3,partial,Partial Support,Partial Support,True,5.139,Partial Support,
bart-large-mnli,facebook/bart-large-mnli,turn_3_billing_impact_snapshot,3,weak,Weak Support,Weak Support,True,4.534,Weak Support,
bart-large-mnli,facebook/bart-large-mnli,turn_3_guardduty_scope_finding,3,strong,Strong Support,Strong Support,True,4.966,Strong Support,
bart-large-mnli,facebook/bart-large-mnli,turn_3_unsupported_unrelated,3,unsupported,Unsupported,Partial Support,False,3.156,Partial Support,
bart-large-mnli,facebook/bart-large-mnli,turn_4_containment_monitoring_check,4,partial,Partial Support,Partial Support,True,4.072,Partial Support,
bart-large-mnli,facebook/bart-large-mnli,turn_4_containment_billing_context,4,weak,Weak Support,Weak Support,True,3.415,Weak Support,
bart-large-mnli,facebook/bart-large-mnli,turn_4_access_key_containment_review,4,strong,Strong Support,Strong Support,True,3.945,Strong Support,
bart-large-mnli,facebook/bart-large-mnli,turn_4_unsupported_unrelated,4,unsupported,Unsupported,Partial Support,False,2.643,Partial Support,
bart-large-mnli,facebook/bart-large-mnli,turn_5_final_identity_timeline,5,partial,Partial Support,Partial Support,True,4.278,Partial Support,
bart-large-mnli,facebook/bart-large-mnli,turn_5_final_billing_snapshot,5,weak,Weak Support,Weak Support,True,3.489,Weak Support,
bart-large-mnli,facebook/bart-large-mnli,turn_5_final_cloudtrail_recovery_record,5,strong,Strong Support,Strong Support,True,4.264,Strong Support,
bart-large-mnli,facebook/bart-large-mnli,turn_5_unsupported_unrelated,5,unsupported,Unsupported,Partial Support,False,2.718,Partial Support,
